City,Lat,Lng,Max Temp,Humidity,Cloudiness,Wind Speed,Country,Date
Pevek,69.7008,170.3133,36.07,84,96,4.23,RU,1658616880
Port Elizabeth,-33.918,25.5701,53.89,86,40,13.8,ZA,1658617000
Mataura,-46.1927,168.8643,38.48,69,80,1.36,NZ,1658616890
Alofi,-19.0595,-169.9187,74.43,69,89,20.04,NU,1658617231
Saint-Pierre,-21.3393,55.4781,67.68,76,100,5.75,RE,1658617231
Cape Town,-33.9258,18.4232,55.38,72,20,10.36,ZA,1658616848
Talara,-4.5772,-81.2719,65.21,85,8,14.29,PE,1658617232
Tiksi,71.6872,128.8694,48.85,78,31,6.17,RU,1658616981
Umm Hājar,13.2954,19.6966,84.78,56,95,8.66,TD,1658617232
Yellowknife,62.456,-114.3525,72.12,37,75,19.57,CA,1658617001
Kigonsera,-10.8,35.05,52.77,79,4,1.88,TZ,1658617233
Carovigno,40.708,17.655,83.59,42,0,4.21,IT,1658617233
Kolpny,52.2282,37.0368,62.22,85,0,6.76,RU,1658617234
Punta Arenas,-53.15,-70.9167,35.71,69,0,9.22,CL,1658616891
La Unión,-5.4,-80.75,73.22,59,1,16.33,PE,1658617234
Ancud,-41.8697,-73.8203,45.39,91,100,1.36,CL,1658616995
Busselton,-33.65,115.3333,50.77,69,86,10.09,AU,1658616954
Spirit River,55.7833,-118.8361,79.99,35,60,9.84,CA,1658617235
Te Anau,-45.4167,167.7167,42.35,87,60,1.05,NZ,1658617031
Puerto Ayora,-0.7393,-90.3518,78.76,87,78,5.99,EC,1658616994
Vaini,-21.2,-175.2,75.36,73,20,11.5,TO,1658617007
Paita,-5.0892,-81.1144,65.39,82,5,14.56,PE,1658617056
Eilat,29.5581,34.9482,85.84,54,0,6.91,IL,1658617236
Sarankhola,22.3082,89.7897,78.87,89,98,6.08,BD,1658617236
Lumsden,50.6501,-104.8678,68.95,47,92,10.78,CA,1658617236
Saint-Philippe,-21.3585,55.7679,67.59,84,60,12.12,RE,1658617004
Vršac,45.1167,21.3036,76.53,22,27,3.31,RS,1658617237
Hobart,-42.8794,147.3294,51.04,87,99,3.94,AU,1658616999
Saint-Augustin,51.226,-58.6502,64.26,83,77,5.3,CA,1658616991
Qaanaaq,77.484,-69.3632,37.35,99,100,0.58,GL,1658616995
New Norfolk,-42.7826,147.0587,50.13,94,100,2.1,AU,1658616782
Airai,-8.9266,125.4092,54.99,75,65,2.42,TL,1658617079
Chokurdakh,70.6333,147.9167,59.04,44,84,11.81,RU,1658616789
Basoko,1.2391,23.616,72.99,84,89,0.43,CD,1658617238
Abong Mbang,3.9833,13.1833,67.28,99,82,2.64,CM,1658617238
Ushuaia,-54.8,-68.3,33.46,86,75,14.97,AR,1658616988
Port-Gentil,-0.7193,8.7815,73.27,78,100,7.9,GA,1658617238
Rikitea,-23.1203,-134.9692,72.91,63,0,8.39,PF,1658616783
Gisborne,-38.6533,178.0042,51.98,78,100,8.68,NZ,1658617239
San Cristobal,7.7669,-72.225,78.98,68,11,2.39,VE,1658617141
Deputatsky,69.3,139.9,54.05,59,36,6.44,RU,1658617239
Bundaberg,-24.85,152.35,64.22,75,0,5.01,AU,1658617239
Sørland,67.667,12.6934,52.84,82,77,10.27,NO,1658617110
Bredasdorp,-34.5322,20.0403,50.45,71,36,2.91,ZA,1658616780
Atuona,-9.8,-139.0333,77.59,76,44,18.12,PF,1658616919
Bluff,-46.6,168.3333,38.8,82,43,5.01,NZ,1658617001
Laguna,38.421,-121.4238,97.36,11,0,9.75,US,1658616938
Weston,26.1004,-80.3998,90.01,68,4,11.01,US,1658617049
Alamosa,37.4695,-105.87,66.67,63,35,22.55,US,1658617245
Nikolskoye,59.7035,30.7861,66.09,98,62,4.41,RU,1658617010
Mahébourg,-20.4081,57.7,69.82,73,59,15.32,MU,1658617040
Kapaa,22.0752,-159.319,78.71,69,12,13.73,US,1658616748
Kalmunai,7.4167,81.8167,79.63,82,100,1.45,LK,1658617246
Tasiilaq,65.6145,-37.6368,38.68,84,100,7.87,GL,1658616793
Constitución,-35.3333,-72.4167,54.18,88,100,1.66,CL,1658617009
Hilo,19.7297,-155.09,85.28,92,100,8.05,US,1658616886
Fare,-16.7,-151.0167,79.41,74,0,13.76,PF,1658617246
Bathsheba,13.2167,-59.5167,80.71,72,6,13.04,BB,1658617037
George Town,5.4112,100.3354,77.95,96,40,5.75,MY,1658616733
Clyde River,70.4692,-68.5914,55.63,62,0,6.91,CA,1658617015
Cabo San Lucas,22.8909,-109.9124,78.51,88,93,1.01,MX,1658616797
Bloomsburg,41.0037,-76.4549,90.61,59,60,9.35,US,1658617247
Cidreira,-30.1811,-50.2056,62.33,97,57,9.78,BR,1658617012
Iracoubo,5.4802,-53.2011,78.87,84,100,7.92,GF,1658617248
Danielskuil,-28.1887,23.5395,43.39,66,17,13.69,ZA,1658617248
Östersund,63.1792,14.6357,55.85,71,88,4.61,SE,1658617249
Belyy Yar,53.6039,91.3903,53.49,95,0,2.24,RU,1658617249
Dikson,73.5069,80.5464,48.52,79,82,10.22,RU,1658616864
Buchanan,5.8808,-10.0467,75.16,80,98,7.72,LR,1658616988
Albany,42.6001,-73.9662,91.36,46,19,3.4,US,1658616982
Umm Kaddadah,13.6017,26.6876,85.15,53,44,16.96,SD,1658617250
Safford,32.834,-109.7076,103.12,21,0,3.06,US,1658617250
Yulara,-25.2406,130.9889,58.98,36,0,8.39,AU,1658616987
San Quintín,30.4833,-115.95,71.64,66,22,9.46,MX,1658617042
Maridi,4.9158,29.4742,66.09,98,78,3.6,SS,1658617251
Port Alfred,-33.5906,26.891,56.01,73,80,21.32,ZA,1658616853
Esperance,-33.8667,121.9,54.39,66,100,22.39,AU,1658617062
Farah,32.5,62.5,86.27,23,2,1.97,AF,1658617251
Uvira,-3.4067,29.1458,73.4,66,21,2.51,CD,1658617251
Arraial do Cabo,-22.9661,-42.0278,72.03,87,6,21.12,BR,1658616990
Ciudad Bolivar,8.1222,-63.5497,82.11,63,53,6.96,VE,1658617143
Rawson,-43.3002,-65.1023,40.53,95,100,14.43,AR,1658617044
Klaksvík,62.2266,-6.589,50.92,91,98,19.22,FO,1658617046
Bandar-e Lengeh,26.5579,54.8807,91.17,76,76,11.07,IR,1658617252
Honningsvåg,70.9821,25.9704,49.75,81,100,17.27,NO,1658617253
Broome,42.2506,-75.833,88.57,63,62,2.77,US,1658617137
Vodnyy,63.5046,53.4095,53.98,66,30,1.34,RU,1658617253
Castro,-24.7911,-50.0119,59.5,67,100,2.71,BR,1658616888
Lima,-12.0432,-77.0282,61.75,79,45,7.16,PE,1658617076
Hermanus,-34.4187,19.2345,53.37,68,66,4.61,ZA,1658616852
Miranda,3.2499,-76.2281,69.93,94,80,2.35,CO,1658617254
Torbay,47.6666,-52.7314,66.38,87,32,6.29,CA,1658617051
Mikhaylovka,50.06,43.2379,60.78,92,58,5.68,RU,1658617259
Polewali,-3.4324,119.3435,75.13,85,31,4.18,ID,1658617259
Thompson,55.7435,-97.8558,64.56,52,75,8.05,CA,1658617025
Crestview,30.7621,-86.5705,89.2,54,37,9.42,US,1658617236
Chui,-33.6971,-53.4616,61.9,89,79,6.96,UY,1658617043
Mackay,-21.15,149.2,69.67,83,19,9.53,AU,1658617146
Pāveh,35.0434,46.3565,66.61,22,0,2.3,IR,1658617260
Kajaani,64.2273,27.7285,51.85,100,32,1.14,FI,1658617250
Khatanga,71.9667,102.5,56.55,76,13,12.95,RU,1658616993
Lavrentiya,65.5833,-171.0,42.57,89,100,11.61,RU,1658617043
Gizo Government Station,-8.103,156.8419,83.3,72,6,9.66,SB,1658617144
Tuktoyaktuk,69.4541,-133.0374,51.8,93,100,14.97,CA,1658616992
Vila Velha,-20.3297,-40.2925,73.35,87,20,5.75,BR,1658616923
Faanui,-16.4833,-151.75,79.45,73,10,13.58,PF,1658617005
Mabai,23.0128,104.4508,62.53,98,55,1.32,CN,1658617261
Lebu,-37.6167,-73.65,51.75,93,100,5.57,CL,1658616943
Kaitangata,-46.2817,169.8464,40.96,69,46,2.33,NZ,1658617070
Tura,25.5198,90.2201,73.17,99,100,4.41,IN,1658616999
Saint Anthony,45.0205,-93.218,77.11,60,100,3.96,US,1658617261
Ribeira Grande,38.5167,-28.7,74.32,87,51,5.79,PT,1658616996
Yangi Marg`ilon,40.4272,71.7189,84.92,28,2,11.5,UZ,1658617262
Salalah,17.0151,54.0924,76.98,92,78,8.79,OM,1658616790
Kruisfontein,-34.0033,24.7314,50.88,83,52,17.38,ZA,1658617032
Ouadda,8.0777,22.4007,67.53,97,94,1.61,CF,1658617263
Birjand,32.8663,59.2211,74.53,44,0,9.6,IR,1658617263
Cap Malheureux,-19.9842,57.6142,70.47,73,22,5.99,MU,1658617116
Rhodes,36.4408,28.2225,83.86,37,0,5.99,GR,1658617263
Roald,62.5833,6.1333,55.42,83,100,1.79,NO,1658617048
Avarua,-21.2078,-159.775,75.25,64,20,10.36,CK,1658617013
Bengkulu,-3.8004,102.2655,74.88,89,87,4.63,ID,1658617084
Zhuhai,22.2769,113.5678,87.85,84,0,3.44,CN,1658617126
Saskylakh,71.9167,114.0833,55.89,76,45,3.83,RU,1658616953
Araouane,18.9048,-3.5265,99.68,17,16,2.46,ML,1658617142
Rudnyy,52.9594,63.1206,57.43,67,15,1.77,KZ,1658617264
Jamestown,42.097,-79.2353,77.72,81,75,0.0,US,1658616890
Haines Junction,60.7522,-137.5108,61.21,41,74,6.38,CA,1658617025
Carutapera,-1.195,-46.02,77.16,85,90,5.82,BR,1658617265
Kolosovka,56.4678,73.611,51.51,97,100,6.38,RU,1658617265
Necochea,-38.5473,-58.7368,53.26,88,86,2.89,AR,1658616971
Lagoa,39.05,-27.9833,72.57,90,21,9.93,PT,1658616990
St. Pete Beach,27.7253,-82.7412,82.45,83,100,16.11,US,1658617218
Quelimane,-17.8786,36.8883,67.95,88,0,2.3,MZ,1658617026
Skjervøy,70.0311,20.9714,51.48,84,100,13.89,NO,1658617266
Skibbereen,51.55,-9.2667,62.11,84,96,19.28,IE,1658617266
Portland,45.5234,-122.6762,81.95,28,1,6.53,US,1658617008
Matagami,49.7502,-77.6328,68.97,71,74,9.31,CA,1658617272
Ampanihy,-24.7,44.75,63.77,67,4,4.32,MG,1658617272
Miles City,46.4083,-105.8406,86.52,22,0,11.79,US,1658617272
Derbent,42.0678,48.2899,71.69,72,42,13.18,RU,1658617272
Ulaanbaatar,47.9077,106.8832,57.33,77,20,0.0,MN,1658617273
Vostok,46.4856,135.8833,62.76,92,100,0.74,RU,1658617172
Merauke,-8.4667,140.3333,77.32,87,83,11.32,ID,1658617273
Erzin,36.9559,36.2,74.66,63,0,2.71,TR,1658617142
Vardø,70.3705,31.1107,49.98,93,100,9.22,NO,1658616994
Rosarito,32.3333,-117.0333,70.95,68,50,7.25,MX,1658617274
Brae,60.3964,-1.353,52.45,92,100,14.83,GB,1658617020
Labuhan,-6.8844,112.2051,74.61,85,88,8.28,ID,1658617061
Harper,4.375,-7.7169,74.77,75,74,7.92,LR,1658617024
Hithadhoo,-0.6,73.0833,81.25,72,100,4.36,MV,1658616980
Tromsø,69.6496,18.957,49.78,88,100,3.83,NO,1658617275
Husavik,66.0449,-17.3389,47.53,88,100,2.62,IS,1658617064
Severo-Kuril'sk,50.6789,156.125,56.82,88,55,4.23,RU,1658616946
Lüderitz,-26.6481,15.1594,58.17,65,0,19.77,NA,1658617098
Hong Kong,22.2855,114.1577,87.85,81,31,4.0,HK,1658616962
Mahon,39.8885,4.2658,79.36,83,0,3.44,ES,1658617156
Olafsvik,64.8945,-23.7142,51.57,85,38,9.26,IS,1658617003
Hare Bay,48.8499,-54.0148,79.95,87,35,2.91,CA,1658617097
Aklavik,68.2191,-135.0107,51.8,93,100,9.22,CA,1658617073
Fortuna,40.5982,-124.1573,69.1,72,19,5.01,US,1658617054
Provideniya,64.3833,-173.3,46.27,77,96,6.8,RU,1658616997
Vallenar,-28.5708,-70.7581,60.89,68,0,2.77,CL,1658617276
Ugoofaaru,5.6667,73.0,81.45,78,86,14.05,MV,1658617276
Hirara,24.8,125.2833,85.86,84,40,9.22,JP,1658616973
Lorengau,-2.0226,147.2712,83.53,76,16,8.95,PG,1658617060
Dunedin,-45.8742,170.5036,47.8,60,2,11.01,NZ,1658616850
Norrtälje,59.758,18.705,60.84,71,100,4.9,SE,1658617277
Zhigansk,66.7697,123.3711,57.29,74,45,9.08,RU,1658617277
Isangel,-19.55,169.2667,80.15,77,8,12.5,VU,1658617076
San Policarpo,12.1791,125.5072,81.77,81,95,0.63,PH,1658617132
Mayumba,-3.432,10.6554,68.58,90,89,3.06,GA,1658617277
Dukat,62.55,155.55,56.01,52,4,6.85,RU,1658617278
Butaritari,3.0707,172.7902,81.39,80,25,15.86,KI,1658616988
Kirakira,-10.4544,161.9205,84.11,70,44,5.55,SB,1658617036
Tingo María,-9.2895,-76.0088,75.97,78,41,1.36,PE,1658617278
Barrow,71.2906,-156.7887,37.42,87,100,12.66,US,1658616785
Bambous Virieux,-20.3428,57.7575,70.21,83,40,8.05,MU,1658617015
Suntar,62.1444,117.6319,72.64,69,53,9.95,RU,1658617033
Muros,42.7762,-9.0603,68.68,73,1,6.35,ES,1658617067
Lata,40.1629,-8.3327,59.68,82,0,1.43,PT,1658617126
Iqaluit,63.7506,-68.5145,47.93,87,100,3.44,CA,1658617027
Faya,18.3851,42.4509,60.91,76,100,17.58,SA,1658616943
Port Moresby,-9.4431,147.1797,78.22,89,75,11.5,PG,1658617188
Rabo de Peixe,37.8,-25.5833,74.28,62,20,6.91,PT,1658617284
Tefé,-3.3542,-64.7114,77.11,94,40,3.44,BR,1658617285
Znamenskoye,57.1281,73.8282,51.21,97,100,5.28,RU,1658617001
Puerto del Rosario,28.5004,-13.8627,76.75,83,40,5.75,ES,1658617285
Waipawa,-41.4122,175.5153,47.88,77,100,7.02,NZ,1658617017
Margate,51.3813,1.3862,64.31,78,98,4.0,GB,1658617066
Fairbanks,64.8378,-147.7164,66.09,49,47,1.99,US,1658617096
São Filipe,14.8961,-24.4956,77.67,85,100,5.01,CV,1658617014
Ponta do Sol,32.6667,-17.1,74.12,61,3,2.66,PT,1658616936
Sørkjosen,69.8,20.9333,50.0,93,100,5.75,NO,1658617286
Koslan,63.4564,48.8989,59.63,96,77,3.27,RU,1658617286
Las Palmas,28.4204,-14.0131,74.19,83,40,5.75,ES,1658617286
Seminole,28.7086,-81.2081,88.36,52,45,5.86,US,1658617139
Westport,41.1415,-73.3579,87.87,45,21,8.01,US,1658616956
Sabang,5.8933,95.3214,80.94,77,100,7.81,ID,1658617122
Cartagena,10.3997,-75.5144,82.02,83,40,5.75,CO,1658617088
Katsuura,35.1333,140.3,80.2,79,99,12.64,JP,1658617046
Upernavik,72.7868,-56.1549,42.94,96,100,4.52,GL,1658616895
Awjilah,29.1081,21.2869,79.41,59,0,12.64,LY,1658617287
Naze,28.3667,129.4833,79.68,69,100,0.74,JP,1658617085
Yacuiba,-22.038,-63.6797,70.5,58,13,2.26,BO,1658617288
Andenes,69.3143,16.1194,51.06,71,100,6.15,NO,1658617003
Mikuni,36.2171,136.1519,74.28,77,78,1.88,JP,1658617288
Sur,22.5667,59.5289,86.83,68,41,9.22,OM,1658617288
Coahuayana Viejo,18.7333,-103.6833,87.08,64,99,5.79,MX,1658617004
Pizarro,4.9533,-77.366,76.96,90,93,6.58,CO,1658617289
Asău,46.4333,26.4,74.95,70,55,3.4,RO,1658617110
Bahār,34.9072,48.4414,68.34,12,0,2.46,IR,1658617289
Talakan,50.3167,130.3667,66.06,90,95,1.59,RU,1658617290
Makakilo City,21.3469,-158.0858,82.69,64,2,16.02,US,1658617278
Eureka,40.8021,-124.1637,69.37,72,29,7.0,US,1658617068
Port Hedland,-20.3167,118.5667,55.45,76,0,9.22,AU,1658617120
Bilibino,68.0546,166.4372,57.56,42,98,1.59,RU,1658617290
Ussel,45.55,2.3167,58.89,69,11,3.74,FR,1658617291
Jalu,29.0331,21.5482,79.77,57,0,13.2,LY,1658616894
Narsaq,60.9167,-46.05,46.72,83,99,3.91,GL,1658616972
Mathbaria,22.2876,89.9593,79.41,87,99,7.94,BD,1658617291
Cherskiy,68.75,161.3,60.66,42,14,2.33,RU,1658616983
Norwich,52.6278,1.2983,69.98,67,98,11.5,GB,1658617250
Otradnoye,59.7775,30.8181,62.29,98,61,4.38,RU,1658617055
Champerico,14.3,-91.9167,82.09,77,52,8.21,GT,1658617292
Bonavista,48.6499,-53.1147,65.01,90,52,5.23,CA,1658617152
Irtyshskiy,58.3333,68.1333,49.59,86,48,5.77,RU,1658617292
Puerto López,4.0845,-72.956,76.17,88,39,5.3,CO,1658617292
Bethel,41.3712,-73.414,91.53,49,0,6.91,US,1658616780
Kargil,34.5667,76.1,60.51,60,97,5.82,IN,1658617298
Guaymas,27.9333,-110.9,91.45,72,79,18.45,MX,1658617003
Ati,13.2154,18.3353,87.31,51,69,7.47,TD,1658617298
Rio Grande,-32.035,-52.0986,62.71,97,66,8.37,BR,1658617097
Barranca,-10.75,-77.7667,61.92,83,64,7.67,PE,1658617299
Panzhihua,26.5851,101.7128,66.96,96,67,1.16,CN,1658617299
Siderno,38.2779,16.302,80.33,82,0,12.33,IT,1658617299
Pastavy,55.1168,26.8326,61.48,90,42,3.04,BY,1658617300
Talnakh,69.4865,88.3972,65.21,55,85,3.76,RU,1658617014
Kaeo,-35.1,173.7833,58.32,91,100,19.19,NZ,1658617108
Padang,-0.9492,100.3543,75.25,85,100,4.34,ID,1658617107
Ostrovnoy,68.0531,39.5131,49.84,92,98,2.91,RU,1658617096
Oddur,4.1213,43.8894,69.87,78,66,20.56,SO,1658617300
Chapais,49.7834,-74.8492,62.38,73,76,6.44,CA,1658617024
Custoias,41.1053,-7.321,73.09,43,0,5.23,PT,1658617301
Chālūs,36.655,51.4204,76.26,76,15,2.42,IR,1658617301
Port Hardy,50.6996,-127.4199,61.52,72,16,14.5,CA,1658617016
Sola,-13.8833,167.55,80.31,77,13,11.7,VU,1658617301
Show Low,34.2542,-110.0298,75.49,53,0,11.5,US,1658617302
Acaraú,-2.8856,-40.12,78.98,76,57,14.05,BR,1658617094
Pisco,-13.7,-76.2167,60.39,85,72,2.13,PE,1658616987
Hervey Bay,-25.2986,152.8535,61.74,80,10,14.54,AU,1658617302
Tawang Town,27.5833,91.8667,55.89,96,99,0.83,IN,1658617302
Amapala,13.2922,-87.6539,87.22,65,51,5.01,HN,1658617226
Pangoa,-12.1167,-73.0,76.39,69,50,1.81,PE,1658617303
Auki,-8.7676,160.7034,84.0,66,12,3.2,SB,1658617303
Umluj,25.0213,37.2685,86.4,52,100,9.35,SA,1658617128
Cape Canaveral,28.4058,-80.6048,89.08,72,26,8.66,US,1658617189
San Patricio,28.017,-97.5169,94.15,53,38,18.37,US,1658617125
Tyret’ Pervaya,53.6703,102.3106,55.94,93,53,7.7,RU,1658617304
Saint George,37.1041,-113.5841,104.63,18,0,13.8,US,1658616554
Athabasca,54.7169,-113.2854,71.44,55,64,8.41,CA,1658617230
Norman Wells,65.282,-126.8329,65.28,59,100,6.98,CA,1658616904
Velikiy Ustyug,60.7644,46.3106,63.01,87,12,5.48,RU,1658617304
Ambulu,-8.345,113.6058,71.85,88,95,5.08,ID,1658617305
Mayo,38.8876,-76.5119,95.11,68,0,9.55,US,1658617305
Buxton,53.2574,-1.9098,63.48,87,100,3.0,GB,1658617305
Sovetskiy,61.3614,63.5842,49.3,70,65,4.25,RU,1658617306
São Miguel,-5.4667,-35.3667,77.77,85,84,16.15,BR,1658617306
Iberia,29.9502,-91.7507,89.98,62,63,10.4,US,1658617306
Carnarvon,-24.8667,113.6333,63.18,64,60,17.4,AU,1658617005
Chilca,-12.5211,-76.7372,60.91,86,50,5.03,PE,1658617307
Tiarei,-17.5333,-149.3333,78.94,77,12,16.6,PF,1658617049
Ilulissat,69.2167,-51.1,38.89,98,100,2.55,GL,1658617058
Belmonte,-15.8631,-38.8828,71.94,84,48,9.84,BR,1658617139
Mar del Plata,-38.0023,-57.5575,54.09,58,100,1.99,AR,1658616963
Paratinga,-12.6906,-43.1842,77.38,38,100,9.4,BR,1658617313
Cairns,-16.9167,145.7667,73.11,75,40,10.36,AU,1658617017
Kuzhenkino,57.7611,33.9508,61.66,81,49,5.12,RU,1658617313
Chepo,9.1667,-79.1,78.76,89,100,0.4,PA,1658617313
Ukiah,39.1502,-123.2078,95.5,18,0,9.73,US,1658617314
Martapura,-3.4167,114.85,73.49,94,20,0.0,ID,1658617314
Moroni,-11.7022,43.2551,74.43,74,46,5.73,KM,1658617314
Boca do Acre,-8.7522,-67.3978,82.45,62,97,2.59,BR,1658617314
Charters Towers,-20.1,146.2667,62.44,73,0,7.81,AU,1658616986
Colares,38.7992,-9.4469,71.76,59,1,13.0,PT,1658617315
Lālganj,25.8667,85.1833,80.55,76,100,10.54,IN,1658617315
Verkhnevilyuysk,63.4453,120.3167,68.97,69,7,7.09,RU,1658617315
Provincia di Brescia,45.6333,10.3,74.86,76,85,5.48,IT,1658617293
Novomichurinsk,54.0384,39.7479,65.07,81,56,5.66,RU,1658617316
Meulaboh,4.1363,96.1285,75.2,91,100,5.06,ID,1658617044
Teya,60.3778,92.6267,50.0,86,62,4.56,RU,1658616868
Havre-St-Pierre,50.2334,-63.5986,68.36,73,100,0.0,CA,1658617071
Tchaourou,8.8865,2.5975,69.82,99,100,3.11,BJ,1658617317
Puro,12.4841,123.3827,82.17,78,90,2.42,PH,1658617317
Najrān,17.4924,44.1277,74.64,62,85,9.37,SA,1658617317
Atbasar,51.8,68.3333,58.86,86,2,6.31,KZ,1658617318
Russell,32.3502,-85.1999,90.68,75,80,1.39,US,1658616992
Nome,64.5011,-165.4064,48.27,87,100,13.8,US,1658617108
Saint Paul Harbor,57.79,-152.4072,49.59,97,100,12.06,US,1658617002
Derazhnya,49.2692,27.4338,68.94,38,54,8.81,UA,1658617318
Korla,41.7597,86.1469,83.64,17,0,4.94,CN,1658616998
Vestmannaeyjar,63.4427,-20.2734,54.03,86,100,6.69,IS,1658616903
Athens,37.9795,23.7162,87.28,32,0,5.01,GR,1658617239
Waingapu,-9.6567,120.2641,71.26,71,32,8.5,ID,1658617139
Nuuk,64.1835,-51.7216,48.81,81,100,12.66,GL,1658617319
Byron Bay,-28.65,153.6167,60.35,79,84,13.02,AU,1658616783
Vestmanna,62.1564,-7.1664,49.12,76,75,9.22,FO,1658617319
Maniitsoq,65.4167,-52.9,46.08,84,90,6.85,GL,1658617087
Leningradskiy,69.3833,178.4167,34.68,94,100,6.73,RU,1658617093
Thinadhoo,0.5333,72.9333,81.54,73,100,6.4,MV,1658617320
Gamba,-2.65,10.0,68.18,91,90,3.0,GA,1658617249
Tautira,-17.7333,-149.15,79.18,76,4,16.44,PF,1658617320
Kiama,-34.6833,150.8667,55.99,92,12,2.51,AU,1658617321
Chul'man,56.8479,124.9104,70.97,67,22,2.98,RU,1658617321
Rāmjībanpur,22.8333,87.6167,80.2,86,100,8.08,IN,1658617321
Yeppoon,-23.1333,150.7333,63.19,73,0,7.54,AU,1658617322
Nam Som,17.7704,102.1895,77.02,93,99,1.74,TH,1658617322
Ust-Tsilma,65.441,52.1498,48.99,86,91,3.2,RU,1658617136
Ratnagiri,16.9833,73.3,78.78,83,100,10.0,IN,1658617327
Bonito,-21.1211,-56.4819,76.39,36,100,2.46,BR,1658617233
Alta Floresta,-9.8756,-56.0861,79.23,32,4,3.96,BR,1658617085
Kavieng,-2.5744,150.7967,83.88,70,14,9.64,PG,1658617008
Maracaju,-21.6144,-55.1683,77.04,35,100,3.24,BR,1658617328
Bandarbeyla,9.4942,50.8122,76.03,82,25,29.91,SO,1658617026
Rongcheng,30.634,117.8517,78.04,87,17,0.51,CN,1658617321
Riyadh,24.6877,46.7219,92.84,17,96,7.27,SA,1658617202
Canyon,34.9803,-101.9188,101.46,24,5,17.29,US,1658617329
Mogadouro,41.3403,-6.7119,75.36,34,0,3.56,PT,1658617217
Neuquén,-38.9516,-68.0591,55.89,55,100,8.93,AR,1658617329
Mount Gambier,-37.8333,140.7667,49.91,100,100,11.5,AU,1658617010
Burnie,-41.0667,145.9167,54.91,92,100,4.83,AU,1658617153
Trojes,41.756,19.962,69.57,40,0,4.09,AL,1658617330
Ola,59.5833,151.2833,55.15,79,100,16.28,RU,1658617330
Düzce,40.8389,31.1639,64.18,76,0,3.6,TR,1658617330
Uvalde,29.3669,-99.767,100.31,29,40,11.5,US,1658617321
La Plata,-34.9215,-57.9545,60.04,97,33,5.64,AR,1658617080
Devils Lake,48.1128,-98.8651,73.94,57,49,13.0,US,1658617331
Zhob,31.3411,69.4481,71.98,84,93,5.86,PK,1658617331
Vaitape,-16.5167,-151.75,79.45,74,10,13.67,PF,1658617331
Coyhaique,-45.5752,-72.0662,30.81,86,100,0.0,CL,1658617085
Sorong,-0.8833,131.25,77.5,91,99,10.56,ID,1658617332
Tadine,-21.55,167.8833,76.28,86,71,14.54,NC,1658617332
Berlevåg,70.8578,29.0864,51.6,87,100,16.11,NO,1658616792
Egvekinot,66.3167,-179.1667,41.94,68,100,6.4,RU,1658617058
Sabha,27.0377,14.4283,82.42,25,0,9.95,LY,1658617100
Pāvilosta,56.8879,21.1859,62.51,78,100,11.56,LV,1658617333
Madiun,-7.6298,111.5239,72.55,86,70,7.27,ID,1658617333
Kavaratti,10.5669,72.642,80.94,77,67,16.35,IN,1658617020
Khovd,48.0056,91.6419,58.77,49,4,1.7,MN,1658617334
Vanderhoof,54.0166,-124.0198,80.19,26,95,7.34,CA,1658617334
Grindavik,63.8424,-22.4338,49.95,93,100,8.05,IS,1658617142
Santa Maria,-29.6842,-53.8069,69.1,94,0,4.61,BR,1658616893
Hofn,64.2539,-15.2082,52.99,84,77,1.41,IS,1658617034
Pontiac,42.6389,-83.2911,89.89,46,0,5.75,US,1658617335
Kuruman,-27.4524,23.4325,45.0,57,3,13.15,ZA,1658617335
Chaman,30.9236,66.4512,85.12,43,93,4.21,PK,1658617335
Kwang Binh,17.4833,106.6,78.82,86,1,2.42,VN,1658617336
Talcahuano,-36.7167,-73.1167,53.28,100,100,11.5,CL,1658617088
Novoorsk,51.381,58.9813,67.24,54,48,8.43,RU,1658617336
Cotonou,6.3654,2.4183,76.62,83,100,10.45,BJ,1658617336
Isiro,2.7739,27.616,67.12,98,100,1.03,CD,1658617337
Coari,-4.085,-63.1414,79.72,74,97,1.28,BR,1658617277
Edd,13.9297,41.6925,89.51,62,95,11.39,ER,1658616981
Kenora,49.8167,-94.4337,63.57,94,75,8.05,CA,1658617337
Colac,-38.3333,143.5833,52.18,92,78,4.07,AU,1658617337
College,64.8569,-147.8028,66.07,48,0,4.61,US,1658616869
Maricá,-22.9194,-42.8186,70.07,85,25,12.15,BR,1658617120
Baculin,7.4525,126.5842,80.38,82,100,3.24,PH,1658617343
Imbituba,-28.24,-48.6703,63.28,96,25,6.78,BR,1658617343
Nicoya,10.1483,-85.452,77.38,91,97,1.88,CR,1658617344
Lucapa,-8.4192,20.7447,71.56,33,25,2.04,AO,1658617344
Kungurtug,50.5994,97.5228,46.8,87,6,0.85,RU,1658617344
Opuwo,-18.0607,13.84,60.12,38,0,3.2,NA,1658617345
Kiryat Gat,31.61,34.7642,74.71,79,0,1.16,IL,1658616999
Mwene-Ditu,-7.0,23.45,72.03,36,38,4.43,CD,1658617345
Neiafu,-18.65,-173.9833,75.88,83,75,10.36,TO,1658617055
Kemijärvi,66.7131,27.4306,49.05,88,32,5.7,FI,1658617345
Uvarovka,55.5278,35.6061,59.7,87,4,5.17,RU,1658617346
Huarmey,-10.0681,-78.1522,63.37,85,64,8.59,PE,1658617122
Jaguarari,-10.2639,-40.1958,68.11,80,79,9.62,BR,1658617346
Tuatapere,-46.1333,167.6833,45.19,83,53,2.53,NZ,1658617069
Nhulunbuy,-12.2333,136.7667,72.21,83,40,3.44,AU,1658617346
Lensk,60.7253,114.9278,75.07,79,44,4.99,RU,1658617347
Bereda,43.2686,-7.5406,61.57,100,11,2.86,ES,1658617038
Chebarkul',54.9749,60.3633,56.88,81,71,4.09,RU,1658617347
Caxias,38.7031,-9.2767,71.92,61,0,11.5,PT,1658617347
La Ronge,55.1001,-105.2842,62.82,77,75,0.0,CA,1658617237
San Buenaventura,27.0833,-101.5333,102.47,23,24,12.53,MX,1658617348
Tolcsva,48.2833,21.45,69.31,74,70,6.49,HU,1658617348
Lahad Datu,5.0268,118.327,76.96,91,77,1.81,MY,1658617349
Mbour,14.422,-16.9638,77.85,83,97,15.59,SN,1658617349
Aktas,49.7789,72.9608,42.55,61,41,4.83,KZ,1658617349
Conceição do Araguaia,-8.2578,-49.2647,80.69,33,10,2.51,BR,1658617119
Nanortalik,60.1432,-45.2371,44.02,91,96,10.78,GL,1658616990
Beringovskiy,63.05,179.3167,45.1,80,100,12.57,RU,1658617129
Hasaki,35.7333,140.8333,81.28,81,99,11.41,JP,1658617114
Shingū,33.7333,135.9833,80.4,65,78,0.51,JP,1658617111
Tupik,54.4253,119.9327,66.18,79,0,2.48,RU,1658617350
Cravo Norte,6.3017,-70.2041,79.52,77,93,6.98,CO,1658617350
Banda Aceh,5.5577,95.3222,78.13,81,100,3.53,ID,1658616902
Plouzané,48.3833,-4.6167,61.54,91,11,11.99,FR,1658617350
Dingle,10.9995,122.6711,79.52,87,81,1.43,PH,1658616983
Poum,-20.2333,164.0167,74.84,73,81,9.01,NC,1658617082
Zhangye,38.9342,100.4517,72.41,30,4,5.14,CN,1658617166
Shimokizukuri,40.8061,140.3861,74.1,73,99,5.88,JP,1658617175
Kimbe,-5.5502,150.1429,84.18,69,13,4.25,PG,1658617097
San Fernando,15.0286,120.6898,80.4,86,96,3.06,PH,1658617077
Mawlaik,23.6333,94.4167,74.8,99,100,1.07,MM,1658617351
Magadan,59.5667,150.8,55.51,81,100,14.14,RU,1658617352
St. George's,12.0564,-61.7485,82.08,74,20,13.8,GD,1658617138
Montepuez,-13.1256,38.9997,62.24,85,16,5.12,MZ,1658617357
Baharly,38.4362,57.4316,85.35,47,71,5.97,TM,1658617239
Kununurra,-15.7667,128.7333,68.38,18,2,3.38,AU,1658617358
Ponta Delgada,37.7333,-25.6667,75.51,88,20,6.91,PT,1658617358
Kumul,42.8,93.45,84.29,21,49,7.92,CN,1658617080
Ulaangom,49.9811,92.0667,57.45,60,30,5.97,MN,1658617271
Geraldton,-28.7667,114.6,50.41,87,81,4.61,AU,1658616982
Hammerfest,70.6634,23.6821,48.65,93,100,6.91,NO,1658617358
Vaasa,63.096,21.6158,59.95,100,49,2.3,FI,1658617359
Chernyshevskiy,63.0128,112.4714,66.9,85,12,12.1,RU,1658617359
Kasangulu,-4.5911,15.1708,73.94,67,24,2.28,CD,1658617359
Souillac,-20.5167,57.5167,68.38,83,40,8.05,MU,1658617094
Fairlie,55.756,-4.8556,64.22,92,100,3.0,GB,1658617360
Kankan,10.3854,-9.3057,72.01,94,64,3.42,GN,1658617360
Longyearbyen,78.2186,15.6401,48.04,87,75,9.22,SJ,1658617041
Huallanca,-9.8993,-76.9417,49.95,72,62,3.44,PE,1658617360
Treinta y Tres,-33.2333,-54.3833,60.8,96,70,7.56,UY,1658617361
Severodvinsk,64.5635,39.8302,56.19,97,100,5.5,RU,1658617361
Daru,-9.0763,143.2092,77.92,89,82,14.45,PG,1658617361
Caranavi,-15.8167,-67.55,67.23,67,26,1.81,BO,1658617362
Broken Hill,-31.95,141.4333,55.78,72,2,9.95,AU,1658616997
Mezhdurechensk,53.6942,88.0603,53.4,98,45,3.56,RU,1658617362
Beaufort,5.3473,115.7455,74.43,96,83,3.04,MY,1658617362
Hualmay,-11.0964,-77.6139,62.33,83,29,8.41,PE,1658617092
Santa Isabel,-23.3156,-46.2214,64.11,60,77,0.87,BR,1658617363
Gumlā,23.05,84.55,73.2,95,100,3.78,IN,1658617363
Sibu,2.3,111.8167,75.51,94,40,3.44,MY,1658616979
East London,-33.0153,27.9116,57.85,65,64,21.72,ZA,1658616948
Marawi,7.9986,124.2928,71.8,90,81,1.9,PH,1658617108
Los Llanos de Aridane,28.6585,-17.9182,69.55,88,75,8.05,ES,1658617144
Diamantino,-14.4086,-56.4461,80.56,35,31,5.46,BR,1658617364
Pangnirtung,66.1451,-65.7125,53.44,60,13,3.49,CA,1658617116
Karratha,-20.7377,116.8463,60.22,52,0,9.51,AU,1658617364
Halifax,44.6453,-63.5724,80.49,74,54,21.85,CA,1658617120
Zhezkazgan,47.8043,67.7144,72.37,31,35,7.4,KZ,1658617364
Grand Gaube,-20.0064,57.6608,69.39,73,26,5.01,MU,1658617248
Les Cayes,18.2,-73.75,82.29,76,73,4.85,HT,1658617365
Lompoc,34.6391,-120.4579,70.0,53,4,13.91,US,1658617067
Yar-Sale,66.8333,70.8333,48.76,89,89,19.71,RU,1658617125
Escanaba,45.7453,-87.0646,78.96,89,100,5.01,US,1658617366
Bubaque,11.2833,-15.8333,80.15,80,100,16.28,GW,1658617118
Shelburne,44.0787,-80.2041,85.77,46,41,6.85,CA,1658617257
Lianzhou,24.7811,112.3825,78.96,86,6,1.16,CN,1658617366
Flinders,-34.5833,150.8552,55.06,94,10,2.59,AU,1658617366
Catuday,16.2923,119.8062,83.43,75,79,5.01,PH,1658617367
Ilhabela,-23.7781,-45.3581,68.27,79,56,4.81,BR,1658617367
North Platte,41.1239,-100.7654,93.11,16,18,19.86,US,1658617123
Kiunga,-6.1219,141.2906,74.61,98,100,2.77,PG,1658617372
Taltal,-25.4,-70.4833,56.97,86,31,3.29,CL,1658617141
Lukhovitsy,54.9728,39.0361,62.98,75,8,3.98,RU,1658617373
Watford,51.6553,-0.396,63.43,79,100,11.72,GB,1658617373
Monrovia,6.3005,-10.7969,76.48,78,100,9.04,LR,1658617088
Tarsus,36.9188,34.8784,77.5,54,0,4.41,TR,1658617373
Saint-Marc-des-Carrieres,46.6834,-72.0491,71.17,89,79,14.03,CA,1658617374
Hong Gai,20.956,107.0946,82.31,85,19,1.99,VN,1658617374
Leh,34.1667,77.5833,64.17,57,94,5.19,IN,1658616875
Homer,59.6425,-151.5483,58.77,67,100,5.95,US,1658617375
Prince Albert,53.2001,-105.7677,62.37,61,100,5.97,CA,1658617247
Zhangaözen,43.3,52.8,71.47,60,77,17.07,KZ,1658617375
Tarauacá,-8.1614,-70.7656,77.13,85,99,1.59,BR,1658617375
Sohag,26.557,31.6948,85.01,23,25,11.25,EG,1658617376
Yudong,29.385,106.5194,74.26,92,45,0.81,CN,1658617376
Sibiti,-3.6819,13.3499,71.19,77,98,1.9,CG,1658617376
Agadir,30.4202,-9.5982,73.85,67,94,4.36,MA,1658617377
Pangai,-19.8,-174.35,74.71,66,98,19.51,TO,1658617084
Upington,-28.4478,21.2561,48.88,52,0,9.46,ZA,1658617050
Tulun,54.5611,100.5792,56.1,90,75,4.38,RU,1658617377
Rome,43.2128,-75.4557,88.83,69,59,1.14,US,1658617045
Nantucket,41.2835,-70.0995,81.01,48,22,16.35,US,1658617145
Laas,46.6166,10.7002,62.37,91,59,3.74,IT,1658617025
Umiray,15.2206,121.4111,81.5,84,92,0.51,PH,1658617378
Flin Flon,54.7682,-101.865,52.39,82,100,4.76,CA,1658617378
Ribas do Rio Pardo,-20.4431,-53.7592,76.46,35,98,6.29,BR,1658617378
Edineţ,48.1681,27.305,70.77,34,16,8.34,MD,1658617379
Paamiut,61.994,-49.6678,43.43,91,12,4.09,GL,1658617071
Vilyuysk,63.7553,121.6247,69.66,68,2,5.82,RU,1658617379
Guerrero Negro,27.9769,-114.0611,74.1,62,26,17.11,MX,1658617070
Concepción,-36.827,-73.0498,53.4,100,100,11.5,CL,1658616924
Morki,56.4303,48.9947,62.56,88,93,1.88,RU,1658617380
Boguchany,58.3814,97.4531,57.52,89,75,4.59,RU,1658617380
Half Moon Bay,37.4636,-122.4286,62.17,73,38,9.44,US,1658617380
Noumea,-22.2763,166.4572,78.78,99,96,8.32,NC,1658617322
Vao,-22.6667,167.4833,73.71,87,85,15.03,NC,1658617019
Coquimbo,-29.9533,-71.3436,55.63,88,25,3.65,CL,1658617035
Freeport,40.6576,-73.5832,92.17,55,0,13.8,US,1658617381
Vavatenina,-17.4667,49.2,62.58,98,67,1.83,MG,1658617381
Methóni,36.8197,21.7049,80.13,60,0,6.6,GR,1658617381
Richards Bay,-28.783,32.0377,68.25,78,45,12.41,ZA,1658617081
Sisimiut,66.9395,-53.6735,45.66,86,100,3.49,GL,1658616866
Sitka,57.0531,-135.33,55.67,96,100,4.36,US,1658617005
Nyimba,-14.5566,30.8149,61.74,65,49,4.43,ZM,1658617382
Cape Coast,5.1053,-1.2466,74.26,87,88,7.92,GH,1658617382
Punta Alta,-38.8759,-62.0736,53.06,68,100,3.2,AR,1658617263
Bhadrāchalam,17.6667,80.8833,74.79,95,100,1.66,IN,1658617388
Hobyo,5.3505,48.5268,75.52,85,34,26.91,SO,1658616980
Marzuq,14.4,46.4667,78.03,63,26,9.1,YE,1658617388
Belorechensk,44.76,39.87,63.59,74,83,8.79,RU,1658617389
Prachuap Khiri Khan,12.2167,99.75,71.6,94,96,2.8,TH,1658617389
Rajshahi,24.3667,88.6,79.12,88,97,7.81,BD,1658617389
Kampong Cham,11.9934,105.4635,76.06,91,99,4.29,KH,1658617389
Rocha,-34.4833,-54.3333,61.32,96,97,6.76,UY,1658617050
Acapulco de Juárez,16.8634,-99.8901,85.62,71,98,5.5,MX,1658617166
Antofagasta,-23.65,-70.4,57.4,81,8,1.68,CL,1658617201
Lichtenburg,-26.152,26.1597,52.36,57,32,8.88,ZA,1658617390
Cervia,44.2657,12.3427,84.99,48,78,7.65,IT,1658617188
Akureyri,65.6835,-18.0878,52.97,85,100,3.49,IS,1658617390
Soyo,-6.1349,12.3689,69.82,91,34,3.22,AO,1658617391
Lebedinyy,58.5167,125.5167,74.88,57,65,3.02,RU,1658617391
Sinnamary,5.3833,-52.95,79.07,84,100,8.12,GF,1658617053
Khāsh,28.2211,61.2158,73.72,68,89,2.73,IR,1658617391
Orotukan,62.2667,151.7,64.98,46,97,5.14,RU,1658617392
Ust-Kuyga,70.0167,135.6,66.74,60,33,1.68,RU,1658617022
Tranås,58.0372,14.9782,54.39,86,100,3.02,SE,1658617392
Diriomo,11.8761,-86.0518,76.46,85,99,9.57,NI,1658617392
Caravelas,-17.7125,-39.2481,70.59,76,0,6.64,BR,1658617131
Warmbad,-28.45,18.7333,47.48,61,0,7.65,NA,1658617393
Barra Patuca,15.8,-84.2833,80.26,87,100,8.39,HN,1658617393
Alice Springs,-23.7,133.8833,60.35,23,0,8.05,AU,1658617003
Severnyy,50.677,36.5532,60.84,88,0,8.95,RU,1658617394
Nouadhibou,20.931,-17.0347,76.98,78,0,5.75,MR,1658616914
Le Pradet,43.1066,6.0172,81.19,67,0,18.41,FR,1658617394
Kapuskasing,49.4169,-82.4331,77.09,53,40,12.66,CA,1658617098
Qasigiannguit,68.8193,-51.1922,41.07,97,100,2.82,GL,1658617111
Ormara,25.2088,64.6357,82.62,83,98,14.81,PK,1658617394
Juradó,7.1053,-77.7641,78.1,87,100,5.23,CO,1658617395
Togur,58.3631,82.8265,53.71,82,100,1.19,RU,1658617395
Mogadishu,2.0371,45.3438,75.74,83,77,20.04,SO,1658617395
Anzio,41.4853,12.6179,81.3,96,1,5.99,IT,1658617396
Buala,-8.145,159.5921,84.36,69,7,6.13,SB,1658617018
Tanabe,33.7333,135.3667,81.61,65,75,3.44,JP,1658617396
Vangaindrano,-23.35,47.6,62.55,94,4,3.89,MG,1658617396
Azul,-36.777,-59.8585,52.34,92,86,4.97,AR,1658617397
Prince Rupert,54.3161,-130.3201,62.04,74,100,5.41,CA,1658617321
Beloha,-25.1667,45.05,65.66,73,11,4.54,MG,1658617397
Hearst,49.6835,-83.6665,75.45,59,84,5.28,CA,1658617024
Mitzic,0.7821,11.549,67.46,97,96,2.28,GA,1658617397
Itaituba,-4.2761,-55.9836,80.04,51,18,1.3,BR,1658617398
Mozhaysk,55.5019,36.0272,60.17,86,6,4.88,RU,1658617403
Takāb,36.4009,47.1133,64.0,37,0,4.05,IR,1658617404
Hanzhong,33.0728,107.0303,69.21,87,2,0.98,CN,1658617404
Mizdah,31.4451,12.9801,72.7,50,0,11.92,LY,1658617404
Tatarsk,55.219,75.9828,53.17,92,96,8.12,RU,1658617405
Gemeente Wageningen,51.9667,5.6667,66.94,82,75,2.3,NL,1658617405
Yumen,40.2833,97.2,73.44,28,1,7.07,CN,1658617130
Vila Franca do Campo,37.7167,-25.4333,75.2,87,95,3.49,PT,1658617102
Codrington,-38.2667,141.9667,49.26,93,5,6.31,AU,1658617042
Dhidhdhoo,6.8833,73.1,81.39,76,81,15.66,MV,1658617406
Quime,-16.9833,-67.2167,49.14,66,0,3.15,BO,1658617406
Purwodadi Grobogan,-7.0868,110.9158,72.57,89,66,4.03,ID,1658617406
Pingliang,35.5392,106.6861,64.45,81,1,2.17,CN,1658617407
Itarema,-2.9248,-39.9167,79.32,75,51,14.63,BR,1658617039
Lethem,3.3803,-59.7968,77.04,84,84,3.65,GY,1658617407
Christchurch,-43.5333,172.6333,43.41,93,100,2.3,NZ,1658617204
Phatthalung,7.5,100.0833,76.19,88,100,2.77,TH,1658617408
Nyurba,63.2842,118.3319,69.28,70,8,8.99,RU,1658617323
Horsham,51.064,-0.3272,66.02,84,0,6.91,GB,1658617408
Bratsk,56.1325,101.6142,55.89,95,45,3.87,RU,1658617408
Mamlyutka,54.9375,68.5394,53.42,80,45,7.02,KZ,1658617409
Taboga,46.2663,13.1092,72.99,73,93,8.01,IT,1658617409
Kieta,-6.2167,155.6333,84.27,69,4,5.53,PG,1658617131
